pergunta;resposta
Obrigada;A Receita Federal agradece a sua visita. Conte conosco quando precisar de mais informações!
Como acompanho o envio da minha encomenda?;"Após a chegada ao país, é responsabilidade da empresa transportadora informar a localização e situação da encomenda. Informações sobre o andamento de entregas devem ser tratadas diretamente com a empresa contratada. 

Para obter informações sobre a entrega de sua encomenda, você vai precisar do código de rastreamento. 

Esse código é uma sequência de letras e números, ou somente números, usado para acompanhar todas as etapas do envio da sua encomenda. 

As encomendas dos Correios têm o código de rastreamento postal formado por duas letras seguidas de nove números e mais duas letras, da seguinte forma: LLNNNNNNNNNLL (exemplo: EE821947508US). O código de cada Courier (DHL, Fedex, UPA, etc.) segue um padrão próprio.

Se você fez uma compra através de um site internacional, peça o código ao vendedor. Existem compras internacionais sem código de rastreio, neste caso você não conseguirá monitorar a entrega.

Se sua encomenda foi transportada pelos Correios, clique <s><a href='http://www2.correios.com.br/SISTEMAS/RASTREAMENTO/'   target='_blank' >aqui</a></s>.

Caso tenha sido transportada por outra empresa, consulte <a href='https://www.gov.br/receitafederal/pt-br/assuntos/aduana-e-comercio-exterior/manuais/remessas-postal-e-expressa/empresas-autorizadas-a-operar-na-modalidade-remessa-expressa' >a relação de empresas transportadoras habilitadas e o site de cada uma</a>."
Onde retirar a encomenda?;"A encomenda internacional é um transporte ""porta-a-porta"", ou seja, o frete contratado já inclui o despacho aduaneiro e a entrega da encomenda no endereço apontado nos documentos de importação. Dessa maneira, a transportadora é responsável por todo o processo até a entrega. Exceções à regra devem ser tratadas diretamente com a transportadora.

Você deverá acompanhar o andamento da sua encomenda <a href='http://www2.correios.com.br/SISTEMAS/RASTREAMENTO/' target='_blank' >consultando o rastreamento no site dos Correios</a> ou da empresa transportadora contratada. -

<a href='https://www.gov.br/receitafederal/pt-br/assuntos/aduana-e-comercio-exterior/manuais/remessas-postal-e-expressa/empresas-autorizadas-a-operar-na-modalidade-remessa-expressa' >Consulte aqui a relação de empresas transportadoras autorizadas a operar na modalidade Remessa Expressa e o site de cada uma</a>."
Como solicitar a retomada de despacho?;"Não será possível pedir a retomada de despacho se:

• a fiscalização foi concluí­da e os tributos não foram pagos;
• algum órgão fiscalizador negou a entrada da mercadoria no país;
• a mercadoria foi apreendida pela Receita, exceto se foi apreensão por abandono.

Nos demais casos, entre em contato através dos canais de atendimento ao cliente das empresas transportadoras solicitando a retomada do despacho.

Se sua encomenda foi transportada pelos Correios, entre em contato através da <a href='https://www.correios.com.br/falecomoscorreios/central-de-atendimento'  target=_blank>Central de Atendimento</a>.

Caso tenha sido transportada por outra empresa, consulte <a href='https://www.gov.br/receitafederal/pt-br/assuntos/aduana-e-comercio-exterior/manuais/remessas-postal-e-expressa/empresas-autorizadas-a-operar-na-modalidade-remessa-expressa' >a relação de empresas transportadoras habilitadas a trabalhar com remessa expressa e o site de cada uma</a>."
Como entro em contato?;"A responsabilidade pelo atendimento sobre encomendas internacionais é da empresa transportadora. Através dos canais de atendimento abaixo, verifique informações sobre o andamento de entregas, dúvidas sobre procedimentos ou encaminhamento de eventuais documentos necessários para liberação das encomendas.

Se a sua encomenda veio pelos Correios clique <a href='https://www.correios.com.br/falecomoscorreios/central-de-atendimento' target='_blank' >aqui</a>.

Caso tenha sido transportada por outra empresa, consulte <a href='https://www.gov.br/receitafederal/pt-br/assuntos/aduana-e-comercio-exterior/manuais/remessas-postal-e-expressa/empresas-autorizadas-a-operar-na-modalidade-remessa-expressa' >aqui</a> a relação de empresas de courier habilitadas e o site de cada uma."
Por que meu objeto está sendo devolvido?;"Na maioria dos casos, o pedido da devolução é realizado pela transportadora por falta de pagamento do imposto/tarifa postal.

A encomenda será devolvida ao país de origem por determinação da Receita Federal nos seguintes casos:

• dados incompletos do remetente ou destinatário;
• descrição do conteúdo dos bens em branco ou com informações insuficientes para a sua correta identificação;
• não autorização da importação pelo órgão de controle administrativo (Anvisa, Exército, etc.) e nos casos em que a legislação permita a devolução.

Se você quer desistir da sua encomenda, peça a devolução para a transportadora.

Veja  <a href='https://www.gov.br/receitafederal/pt-br/assuntos/aduana-e-comercio-exterior/manuais/remessas-postal-e-expressa/topicos/Procedimentos#Devolucao' >os casos em que as encomendas não poderão ser devolvidas e saiba mais sobre o assunto</a>.  


Para acompanhar a devolução, use o mesmo código de rastreio do envio.

Se sua encomenda foi transportada pelos Correios, clique <a href='http://www2.correios.com.br/SISTEMAS/RASTREAMENTO/' target='_blank' >aqui e consulte o rastreamento</a>.

Caso tenha sido transportada por outra empresa, consulte <a href='https://www.gov.br/receitafederal/pt-br/assuntos/aduana-e-comercio-exterior/manuais/remessas-postal-e-expressa/empresas-autorizadas-a-operar-na-modalidade-remessa-expressa' >a relação de empresas transportadoras habilitadas e o site de cada uma</a>."
Quais as regras para exportação de encomenda?;"Informações gerais sobre exportação de encomendas podem ser obtidas nos sites abaixo:

• <a href='https://www.correios.com.br/enviar/encomendas/internacional' target='_blank' >Envio de encomenda postal internacional - Correios</a>;
• <a href='https://www.gov.br/receitafederal/pt-br/assuntos/aduana-e-comercio-exterior/manuais/remessas-postal-e-expressa/empresas-autorizadas-a-operar-na-modalidade-remessa-expressa' >Transportadoras privadas de transporte expresso autorizadas pela Receita</a>; ou
• <a href='https://www.gov.br/receitafederal/pt-br/assuntos/aduana-e-comercio-exterior/manuais/remessa-postal-e-expressa' >Manual de Remessas Internacionais da Receita Federal</a>.

<b>Na exportação de encomendas, não há cobrança pela Receita Federal</b>."
O que é cobrado nas encomendas internacionais?;"A maior parte das encomendas internacionais de importação segue o Regime de Tributação Simplificada (RTS). Nesse regime é cobrado:

• Imposto de Importação: alíquota de 60% (Receita Federal);
• ICMS - Imposto Sobre Circulação de Mercadorias e Prestação de Serviços (alíquota varia conforme a legislação de cada Estado);
• Despacho Postal de R$ 15,00 (Correios).

Para que a importação seja enquadrada no RTS, os bens da encomenda deverão ter valor total de até US$ 3.000,00 (três mil dólares) ou o equivalente em outra moeda. Clique <a href='https://www.gov.br/receitafederal/pt-br/assuntos/aduana-e-comercio-exterior/manuais/remessas-postal-e-expressa/topicos/tributacao#RTS' >aqui e saiba mais sobre RTS</a>.

Há casos, no entanto, de bens que não podem ser importados ao amparo do RTS. Clique <a href='https://www.gov.br/receitafederal/pt-br/assuntos/aduana-e-comercio-exterior/manuais/remessas-postal-e-expressa/topicos/tributacao' >aqui e saiba mais sobre outros regimes de tributação</a>.

Na exportação de encomendas, não há cobrança pela Receita Federal.

Cuidado com golpes! O pagamento de impostos não é feito por transferência bancária ou depósito em conta.  Veja a reportagem onde a <a href='https://www.gov.br/receitafederal/pt-br/assuntos/noticias/2021/marco/receita-federal-faz-alerta-sobre-fraudes-envolvendo-o-nome-da-instituicao' >Receita Federal faz alerta sobre fraudes envolvendo o nome da instituição</a>."
O que é a tarifa de despacho postal? ;"O Despacho Postal de R$ 15,00 será cobrado pelos Correios pela prestação de serviços.

Todas as encomendas recebidas no Brasil, independentemente de serem tributadas ou não, estão sujeitas à cobrança deste serviço. O pagamento deve ser realizado na <a href='https://correios-sedex.com/enviar-e-receber/importacao/ambiente-minhas-importacoes.html' >Plataforma Minhas Importações, dos Correios</a>.

Se tiver dúvidas sobre esse valor ou formas de pagamento, entre em contato com a <a href='https://www.correios.com.br/falecomoscorreios/central-de-atendimento' target='_blank' >Central de Atendimento dos Correios</a>.

Clique <a href='https://www.correios.com.br/receber/encomenda/saiba-mais-internacional' target='_blank' >aqui e saiba mais sobre o Despacho Postal</a>."
Como é calculado o imposto de importação? ;"Na importação, é cobrado 60% de Imposto de Importação sobre a soma do valor dos bens + frete + seguro.

O valor dos bens pode ser:

• o preço de compra, se você comprou no exterior; ou
• o valor declarado pelo remetente, se você recebeu os bens sem custo. Por exemplo: brindes, amostras ou presentes. 

O valor declarado pelo rementente deve ser equivalente ao preço normalmente cobrado por bens idênticos ou similares. Se for constatado que o remetente declarou valor menor que o praticado no mercado, pode ser aplicada multa. 

Para converter o valor aduaneiro para reais, será aplicada a taxa de câmbio vigente na data de registro da Declaração de Importação de encomendas (DIR).

Clique <a href='https://www.gov.br/receitafederal/pt-br/assuntos/aduana-e-comercio-exterior/manuais/remessas-postal-e-expressa/topicos/tributacao#base' >aqui e saiba mais sobre a base de cálculo e o cálculo do imposto</a>.

Na exportação de encomendas, não há cobrança pela Receita Federal.

Se você foi cobrado e não concorda com o valor, clique <a href='https://www.gov.br/receitafederal/pt-br/assuntos/aduana-e-comercio-exterior/manuais/remessas-postal-e-expressa/topicos/Perguntas_e_Respostas#P8.1' >aqui para saber mais sobre o pedido de revisão</a>.

Cuidado com golpes! O pagamento de impostos não é feito por transferência bancária ou depósito em conta.  Veja a reportagem onde a <a href='https://www.gov.br/receitafederal/pt-br/assuntos/noticias/2021/marco/receita-federal-faz-alerta-sobre-fraudes-envolvendo-o-nome-da-instituicao' >Receita Federal faz alerta sobre fraudes envolvendo o nome da instituição</a>."
Por que cobraram multa?;"Multas podem ser cobradas quando:

• existir diferença entre o valor declarado pelo remetente e o valor real ou estipulado pela Receita;
• faltar declaração de valor ou a declaração estiver incorreta;
• existir declaração incorreta ou incompleta de informações.

A responsabilidade pelo pagamento é do destinatário. Por isso, é importante que as compras pela internet sejam feitas em sites com boa reputação para evitar golpes ou cobranças indesejadas.

Veja <a href='https://www.gov.br/receitafederal/pt-br/assuntos/aduana-e-comercio-exterior/manuais/remessas-postal-e-expressa/topicos/Infracoes_e_penalidades#Multas' >exemplos detalhados sobre o cálculo de multas</a>."
Como pagar o imposto ou multa, qual o prazo e o que acontece na falta de pagamento?;"Se ao consultar sua encomenda, você recebeu mensagem sobre pendência de pagamento de impostos, significa que a fiscalização já terminou, mas a entrega da encomenda depende do pagamento. 

A encomenda pode ser devolvida ao país de origem ou declarada abandonada se o pagamento do imposto não for realizado dentro de:

- 30 dias, para encomendas vindas pelo Correio, ou
- 20 dias, para encomenda expressa.

As mercadorias com multa não são devolvidas. 

A falta de pagamento de tributos após a fiscalização ter sido concluída não permite a retomada de despacho, a encomenda poderá ser devolvida ao exterior ou considerada abandonada. Se a mercadoria for considerada abandonada, pode receber pena de perdimento.

Se a sua encomenda veio pelos Correios, faça o pagamento somente na <a href='https://www.correios.com.br/receber/encomenda/internacional' target='_blank'>Plataforma Minhas Importações</a>. Se tiver dificuldades, acesse a <a href='https://www.correios.com.br/falecomoscorreios/central-de-atendimento' >Central de Atendimento dos Correios</a>.

Se for uma encomenda expressa, pague diretamente à empresa transportadora. Consulte <a href='https://www.gov.br/receitafederal/pt-br/assuntos/aduana-e-comercio-exterior/manuais/remessas-postal-e-expressa/empresas-autorizadas-a-operar-na-modalidade-remessa-expressa' >a relação de empresas autorizadas a operar pela Receita Federal e o site de cada uma</a>. 

Não é possível parcelar. Após o pagamento, veja no site do transportador se o pagamento foi confirmado e o andamento da entrega.

Cuidado com golpes! O pagamento de impostos não é feito por transferência bancária ou depósito em conta.  Veja a reportagem onde a <a href='https://www.gov.br/receitafederal/pt-br/assuntos/noticias/2021/marco/receita-federal-faz-alerta-sobre-fraudes-envolvendo-o-nome-da-instituicao' >Receita Federal faz alerta sobre fraudes envolvendo o nome da instituição</a>."
Como saber se o imposto foi pago antecipadamente?;"Você deve se informar com o remetente sobre o que está incluído no valor que já foi pago ou a pagar.

Verifique isso também com os Correios ou empresa de courier contratada.

Em sites idôneos, os valores cobrados a título de impostos, fretes, etc. estarão devidamente discriminados nos documentos da compra.

Cuidado com golpes! O pagamento de impostos não é feito por transferência bancária ou depósito em conta.  Veja a reportagem onde a <a href='https://www.gov.br/receitafederal/pt-br/assuntos/noticias/2021/marco/receita-federal-faz-alerta-sobre-fraudes-envolvendo-o-nome-da-instituicao' >Receita Federal faz alerta sobre fraudes envolvendo o nome da instituição</a>."
Como o desconto obtido na compra é considerado no cálculo do imposto?;"Se você fez uma compra com desconto, e esse desconto for incondicional e válido para qualquer cliente, ele não entrará no cálculo do imposto. 

Porém, isso não vale para desconto referente a programas de fidelidade ou de milhas, por exemplo.

Neste caso, o valor utilizado para calcular o imposto será o valor de mercado do bem."
Comprar livros, revistas, CDs e DVDs por meio de encomenda internacional paga imposto?;"Não é cobrado imposto de importação de:

• livros;
• jornais;
• periódicos;
• papel para imprimir os itens acima;
• CD, DVD, disco de vinil, etc. se ele: 

	- foi produzido no Brasil contendo obras musicais ou literomusicais de autores brasileiros; ou
	- contiver obras interpretadas por artistas brasileiros.

Veja <a href='https://www.gov.br/receitafederal/pt-br/assuntos/aduana-e-comercio-exterior/manuais/remessas-postal-e-expressa/topicos/nao-tributacao#outras hipoteses de nao tributacao' >aqui mais situações em que não é cobrado imposto de importação</a>.

Se você foi cobrado, clique <a href='https://www.gov.br/receitafederal/pt-br/assuntos/aduana-e-comercio-exterior/manuais/remessas-postal-e-expressa/topicos/Perguntas_e_Respostas#P8.1' >aqui e saiba mais sobre o pedido de revisão</a>."
Por que fui tributado se minha encomenda tinha valor menor que 100 dólares?;"Notícias divulgadas na mídia sobre a suposta isenção do Imposto de Importação de bens contidos em encomendas de valor até cem dólares baseiam-se em decisões judiciais isoladas e sem efeito vinculante sobre a Administração Tributária. 

Veja <a href='https://www.gov.br/receitafederal/pt-br/assuntos/noticias/2014/fevereiro/nota-tecnica-limite-de-isencao-em-remessas-de-pequeno-valor' >aqui a posição oficial da Receita sobre o assunto</a>."
Como enviar um bem para conserto ou troca por outro no exterior? Serei tributado?;"Você pode enviar produto para conserto ou troca por outro no exterior utilizando o regime de exportação temporária para aperfeiçoamento passivo.

<b>Haverá tributação caso seja incorporado um ou mais bens ao produto objeto de conserto, ou caso seja importado um novo bem em substituição.</b>

<a href='https://www.gov.br/receitafederal/pt-br/assuntos/aduana-e-comercio-exterior/manuais/remessas-postal-e-expressa/topicos/Procedimentos#Envio_Conserto' >Veja aqui se o produto se encaixa nos requisitos</a>.

No retorno ao país, deverá ser informado o número correspondente da <a href='https://www.gov.br/receitafederal/pt-br/assuntos/aduana-e-comercio-exterior/manuais/exportacao-portal-unico/introducao/copy_of_conceitos-e-definicoes-gerais'>Declaração Única de Exportação (Du-e)</a><a href='https://www.gov.br/receitafederal/pt-br/assuntos/aduana-e-comercio-exterior/manuais/remessas-postal-e-expressa/topicos/declaracao#DIR' > na Declaração de Importação de encomendas (DIR)</a>.

Se você recebeu cobrança e acredita que seja indevida, <a href='https://www.gov.br/receitafederal/pt-br/assuntos/aduana-e-comercio-exterior/manuais/remessas-postal-e-expressa/topicos/Procedimentos#Revisao' >verifique os procedimentos sobre Revisão</a>."
Como, quando e onde pedir revisão da declaração de importação de encomendas?;"Se você não concorda com o valor cobrado de imposto, apresente o Pedido de Revisão antes de pagar o tributo. 

<b>O pedido só poderá ser apresentado uma única vez para cada encomenda. </b>

Se a encomenda veio pelos Correios, você tem 30 dias para pedir a revisão no ambiente <a href='https://cas.correios.com.br/login' target='_blank' >Minhas Importações</a>.

Se a encomenda veio por transportadora de encomenda expressa, você tem 20 dias para pedir a revisão no site da transportadora.

Junte documentos que comprovem todas as informações ou o seu pedido poderá ser negado! Em alguns casos de revisão, uma nova análise pode levar à cobrança de multas e a um imposto maior.

Dúvidas ou dificuldades com a apresentação dos documentos, prazo de análise e para saber o resultado da revisão, entre em contato com os Correios ou com a transportadora.

Se o pacote já foi recebido e os impostos pagos, o pedido de análise deve ser solicitado através da abertura de um processo de restituição de impostos.

<a href='https://www.gov.br/receitafederal/pt-br/assuntos/aduana-e-comercio-exterior/manuais/remessas-postal-e-expressa/topicos/Procedimentos#Revisao' >Clique aqui para saber mais sobre Revisão</a>."
Paguei para retirar minha encomenda mas quero pedir restituição do imposto pago;"A restituição de impostos vinculados à <a href='https://www.gov.br/receitafederal/pt-br/assuntos/aduana-e-comercio-exterior/manuais/remessas-postal-e-expressa/topicos/declaracao#DIR' > Declaração de Importação de encomenda (DIR)</a> pode ser requerida se houver cancelamento ou retificação da DIR.

Apresente o pedido de cancelamento ou retificação da DIR em qualquer unidade de atendimento da Receita Federal acompanhado dos documentos abaixo. Também é possível o atendimento online através do Chat RFB ou da Caixa Corporativa de algumas unidades. <a href='https://www.gov.br/receitafederal/pt-br/canais_atendimento' >Verifique aqui a disponibilidade e horários dos canais de atendimento</a>.

• Se encomenda expressa, cópia do demonstrativo entregue pela empresa de courier ao destinatário da encomenda, relativo à DIR que será cancelada ou retificada, contendo:

	(1) Identificação da empresa;
	(2) Código de identificação da encomenda;
	(3) Número da DIR;
	(4) Descrição e valor dos bens;
	(5) Valor e base de cálculo do Imposto de Importação e multas, se for o caso;
	(6) Recibo de pagamento dos valores acima.

• Se encomenda postal, cópia do Demonstrativo de Impostos e Serviços (DIS) entregue pelos Correios, relativo à DIR que será cancelada ou retificada, junto com o comprovante de pagamento (boleto ou cartão de crédito);
• Fatura comercial da compra no exterior ou documento equivalente;
• Comprovante de pagamento da compra no exterior com vinculação clara à encomenda ou aos bens nela contidos;
• Outros documentos que auxiliem na comprovação do alegado pelo contribuinte, inclusive anúncio dos bens na página da Internet da empresa vendedora;
• Para encomenda referente a bagagem desacompanhada, cópia do passaporte com carimbos de entrada e saída no país onde residiu, cópia da passagem aérea de retorno, comprovante do consulado brasileiro do país onde residiu, no qual conste período de residência, ou documento de efeito equivalente;
• Formulário “Pedido de Reconhecimento de Direito de Crédito Decorrente de Cancelamento ou de Retificação de Declaração de Importação e Reconhecimento de Direito”.
• Se pessoa física, CPF e cópia de documento de identidade;
• Se pessoa jurídica, cópia simples do contrato ou estatuto social atualizado, e documento de identidade do signatário do pedido, com os documentos que comprovem poderes para realizar o pedido em nome da pessoa jurídica, caso os poderes não estejam expressos no contrato social ou estatuto."
As encomendas internacionais contendo medicamentos tem isenção?;"Não é cobrado imposto sobre remédios importados por pessoa física para uso humano, próprio ou individual, até o limite de US$ 10.000,00 (dez mil dólares). Essa isenção não se aplica a importações de medicamentos destinados ao uso veterinário, suplementos e cosméticos.

A importação de remédios depende de liberação da <a href='https://www.gov.br/anvisa/pt-br/assuntos/paf/importacao' target='_blank' >Agência Nacional de Vigilância Sanitária (ANVISA)</a>.

<a href='https://www.gov.br/receitafederal/pt-br/assuntos/aduana-e-comercio-exterior/manuais/remessas-postal-e-expressa/topicos/nao-tributacao#medicamentos' >
Para saber mais sobre isenção, clique aqui</a>.

<a href='https://www.gov.br/receitafederal/pt-br/assuntos/aduana-e-comercio-exterior/manuais/habilitacao/pessoas/pessoa-fisica-em-geral/copy4_of_pessoa-fisica' >Veja aqui os procedimentos necessários para importar</a>.

Se você foi cobrado,  <a href='https://www.gov.br/receitafederal/pt-br/assuntos/aduana-e-comercio-exterior/manuais/remessas-postal-e-expressa/topicos/Perguntas_e_Respostas#P8.1' >clique aqui e saiba mais sobre o pedido de revisão</a>."
Posso importar amostras para teste?;"Não é cobrado Imposto de Importação sobre amostras sem valor comercial, que cheguem ao país por encomenda internacional.

Para ser considerada sem valor comercial, a amostra deve conter quantidade, fragmentos ou partes suficientes apenas para avaliar a natureza, espécie e qualidade do produto.

<a href='https://www.gov.br/receitafederal/pt-br/assuntos/aduana-e-comercio-exterior/manuais/remessas-postal-e-expressa/topicos/nao-tributacao#Amostra' >Para saber mais sobre amostras, clique aqui</a>.

Se você foi cobrado, <a href='https://www.gov.br/receitafederal/pt-br/assuntos/aduana-e-comercio-exterior/manuais/remessas-postal-e-expressa/topicos/Perguntas_e_Respostas#P8.1' >clique aqui e saiba mais sobre o pedido de revisão</a>."
Enviei mercadoria em consignação e ela retornou porque não foi vendida  vou pagar imposto?;"Não será cobrado imposto de importação se você enviou um produto ao exterior e ele foi devolvido por um dos motivos abaixo:

• enviada em consignação e não vendida no prazo autorizado;
• defeito técnico, para reparo ou para substituição;
• mudanças na sistemática de importação por parte do país importador;
• guerra ou calamidade pública;
• outros fatores alheios à sua vontade.

Note que o envio e o retorno dos bens deve ocorrer por encomenda internacional.

Se você foi cobrado, <a href='https://www.gov.br/receitafederal/pt-br/assuntos/aduana-e-comercio-exterior/manuais/remessas-postal-e-expressa/topicos/Perguntas_e_Respostas#P8.1' >clique aqui e saiba mais sobre o pedido de revisão</a>. "
Recebi um presente do exterior mas pediram pra depositar o imposto numa conta bancária;"A Receita Federal nunca liga ou manda mensagens para cobrar o pagamento para a liberação de mercadorias. 

O pagamento dos tributos pelo responsável da encomenda é feito pelos canais oficiais dos Correios ou empresas autorizadas de courier, o repasse aos cofres públicos é feito pelas transportadoras.


Se sua encomenda foi transportada pelos Correios, <a href='https://cas.correios.com.br/login' target='_blank' >clique aqui para verificar se tem imposto a pagar e como efetuar o pagamento</a>.

Caso tenha sido transportada por outra empresa, <a href='https://www.gov.br/receitafederal/pt-br/assuntos/aduana-e-comercio-exterior/manuais/remessas-postal-e-expressa/empresas-autorizadas-a-operar-na-modalidade-remessa-expressa' >consulte aqui a relação de empresas transportadoras habilitadas e o site de cada uma</a>.

Se você acha que pode estar sendo vítima de fraude ou tentativa de estelionato, registre a ocorrência numa Delegacia Policial especializada.

<a href='https://www.gov.br/receitafederal/pt-br/assuntos/noticias/2021/marco/receita-federal-faz-alerta-sobre-fraudes-envolvendo-o-nome-da-instituicao' >Cuidado com golpes</a>:<b> o pagamento de impostos nunca é feito por transferência bancária ou depósito em conta</b>."
O que pode ser importado por meio de encomendas internacionais?;"Você pode importar ou exportar qualquer bem que não seja proibido pela legislação. Se importar algo proibido, sua encomenda poderá ser apreendida.

Lembre-se que para que a sua encomenda siga o regime de tributação simplificada (RTS), o valor não pode ser superior a US$ 3.000,00 (três mil dólares) ou o equivalente em outra moeda. <a href='https://www.gov.br/receitafederal/pt-br/assuntos/aduana-e-comercio-exterior/manuais/remessas-postal-e-expressa/topicos/restricoes-proibicoes#restricoes' >Veja outros casos em que  não poderá usar o RTS</a>.


<a href='https://www.gov.br/receitafederal/pt-br/assuntos/aduana-e-comercio-exterior/manuais/remessas-postal-e-expressa/topicos/restricoes-proibicoes' >Veja aqui os itens proibidos de entrar no país por meio de encomenda internacional</a>. 

Verifique, também, os limites de peso e tamanho aceitos pela transportadora que contratar. 

<b>É expressamente vedada a importação de armas de fogo, seus acessórios e peças, de munições e seus componentes, por meio dos Correios.</b>

<a href='https://www.gov.br/receitafederal/pt-br/assuntos/aduana-e-comercio-exterior/viagens-internacionais/guia-do-viajante/links-uteis' >E confirme se existem proibições de outros órgãos</a>.

"
Pessoa física pode importar mercadorias com finalidade comercial e/ou industrial por encomenda internacional?;"Pessoa Física não pode importar com finalidade comercial e/ou industrial.

Se a encomenda foi declarada em nome de pessoa física mas o destinatário for uma pessoa jurídica, é possível retificar a declaração para o nome da pessoa jurídica vinculada. Neste caso, a encomenda pode ser retida para esclarecimentos e pode haver penalidade. 

Para evitar atrasos e penalidades, o exportador deve identificar corretamente o destinatário nos documentos que acompanham a encomenda, informando CNPJ e razão social da pessoa jurídica, e descrevendo corretamente a mercadoria e os valores envolvidos.

<a href='https://www.gov.br/receitafederal/pt-br/assuntos/aduana-e-comercio-exterior/manuais/remessas-postal-e-expressa/topicos/Perguntas_e_Respostas#P10.3' >Clique aqui e saiba mais sobre o tema</a>."
Posso importar qualquer produto usado por encomenda internacional?;"Somente podem ser importados por meio da Declaração de Importação de encomenda (DIR) os bens usados:

• de uso ou consumo pessoal integrantes de bagagem desacompanhada (se não foi feita a opção pelo Regime de Tributação Especial sobre Bagagem);
• exportados temporariamente, na forma prevista no <a href='http://normas.receita.fazenda.gov.br/sijut2consulta/link.action?visao=anotado&idAto=86226' target='_blank'' >art. 75 da IN RFB nº 1.737/2017</a>, que retornem ao País;
• exportados temporariamente, por pessoas físicas, que retornem ao País;
• meios físicos que compreendam circuitos integrados, semicondutores e dispositivos similares, gravados com o conteúdo equivalente a documento;
• livros, outros impressos, fotografias e documentos;
• objetos artísticos e antiguidades; e
• destinados a uso ou consumo pessoal, importados por pessoa física."
Posso importar partes e peças para veículos automotores por encomenda internacional? ;"Pessoa Física pode importar partes e peças para veículos automotores, desde que para uso de veículo próprio.

Pessoa Jurídica pode importar partes e peças para comércio ou industrialização."
Quais as condições para importação de software sem finalidade comercial?;"Para importar softwares, sem finalidade comercial, você deverá informar separadamente na fatura:

• o valor do meio físico (CDs ou DVDs) e 
• o valor do trabalho intelectual (conteúdo do software).

Dessa forma, o tributo será cobrado somente sobre o meio físico."
Como posso corrigir ou alterar o endereço de entrega da encomenda?;"Encomenda Postal: alteração de endereço precisa ser solicitada ao remetente antes do envio, pois esta informação deve constar no documento que acompanhará a encomenda. Se a encomenda for enviada com endereço incorreto ou incompleto, poderá ser devolvida à origem. 

Encomenda Expressa: alteração de endereço pode ser solicitada à empresa pelo remetente.

Para mais informações, verifique com os <a href='https://cas.correios.com.br/login' target='_blank'>Correios</a> ou com a <a href='https://www.gov.br/receitafederal/pt-br/assuntos/aduana-e-comercio-exterior/manuais/remessas-postal-e-expressa/empresas-autorizadas-a-operar-na-modalidade-remessa-expressa' >empresa transportadora responsável</a>."
Quais dados do destinatário  do remetente e da encomenda devem ser informados no conhecimento postal?;"Para evitar atrasos ou devolução da encomenda, é necessário informar nos <b>dados do destinatário</b> todas as informações abaixo:

• número do CPF ou, se pessoa física estrangeira, o número do passaporte;
• número do CNPJ, se pessoa jurídica;
• nome completo ou razão social.

Nos <b>dados do remetente</b> devem ser informados obrigatoriamente:

• a identificação detalhada da pessoa física ou jurídica que enviou a encomenda internacional e
• o endereço.

O conteúdo da encomenda internacional deve ser descrito em detalhes, contendo a marca e o modelo dos produtos, e outras informações para perfeita identificação deles.

Deve ser indicada, também, se a importação é compra, bagagem desacompanhada, retorno de bens enviados ao exterior para conserto, presente, etc.

Na falta destes dados, a fiscalização pode não autorizar a importação, ocasionando na devolução da encomenda ao país de origem ou no seu abandono.
"
Posso solicitar que as informações sejam retificadas para que a fiscalização não aplique multa?;"Antes da apresentação da encomenda à fiscalização, ou seja, do registro da <a href='https://www.gov.br/receitafederal/pt-br/assuntos/aduana-e-comercio-exterior/manuais/remessas-postal-e-expressa/topicos/declaracao#DIR' >Declaração de Importação de encomenda (DIR)</a> pelos correios ou transportadora, você pode pedir a retificação de informações ao Correio ou empresa de encomenda Expressa.

Após o registro da DIR, a encomenda poderá sofrer penalidade se houver informações divergentes.

<a href='https://cas.correios.com.br/login' target='_blank' >Clique aqui, se sua encomenda foi transportada pelos Correios</a>.

Caso tenha sido transportada por outra empresa, consulte <a href='https://www.gov.br/receitafederal/pt-br/assuntos/aduana-e-comercio-exterior/manuais/remessas-postal-e-expressa/empresas-autorizadas-a-operar-na-modalidade-remessa-expressa' > a relação de empresas transportadoras habilitadas e o site de cada uma</a>."
Minha encomenda está em fiscalização aduaneira. Quanto tempo demora e o que fazer?;"A maioria das encomendas é liberada pela Receita Federal no mesmo dia em que são submetidas à fiscalização, exceto se houver:

• fiscalização de outros órgãos (Anvisa, Ibama, Exército, etc.);
• exigências fiscais. Nesse caso, o prazo dependerá do destinatário da encomenda atender ao que foi solicitado.

A Receita pode abrir qualquer volume na entrada ou saída do país.

As exigências devem ser cumpridas no prazo de 30 (trinta) dias, caso contrário a encomenda poderá ser devolvida ao país de origem ou declarada abandonada.

Se a sua encomenda está em fiscalização, a transportadora será responsável pela comunicação de exigências, orientação e entrega após o trabalho da Receita Federal ser concluído. 

Após a fiscalização e o pagamento dos tributos, o prazo de entrega depende do frete contratado. 

Para consultar a situação da encomenda e verificar se existem pendências, entre em contato com a empresa contratada. 

<a href='https://cas.correios.com.br/login' target='_blank' >Clique aqui, se sua encomenda foi transportada pelos Correios</a>.

Caso tenha sido transportada por outra empresa, consulte <a href='https://www.gov.br/receitafederal/pt-br/assuntos/aduana-e-comercio-exterior/manuais/remessas-postal-e-expressa/empresas-autorizadas-a-operar-na-modalidade-remessa-expressa' >a relação de empresas de courier habilitadas e o site de cada uma</a>.
                                                                                                                            
<a href='https://www.gov.br/receitafederal/pt-br/assuntos/noticias/2021/marco/receita-federal-faz-alerta-sobre-fraudes-envolvendo-o-nome-da-instituicao' >Cuidado com golpes</a>: o pagamento de impostos não é feito por transferência bancária ou depósito em conta.

Veja <a href='https://www.gov.br/receitafederal/pt-br/assuntos/aduana-e-comercio-exterior/manuais/remessas-postal-e-expressa/topicos/Procedimentos#Conferencia' >como é feita a conferência aduaneira</a>."
Por que minha encomenda será fiscalizada se não veio do exterior?;"A fiscalização de encomendas Postais Internacionais ocorre apenas em São Paulo, Rio de Janeiro e Curitiba.

Entretanto, encomendas Nacionais ou nacionalizadas podem ser fiscalizadas em qualquer região do país. Caso sua encomenda nacional esteja em fiscalização, <a href='https://www.correios.com.br/falecomoscorreios/central-de-atendimento' target='_blank' >entre em contato com os Correios</a> para mais informações.

Fique atento: Alguns sites nacionais também fazem vendas internacionais. "
Encomenda estava em fiscalização aduaneira com exigência ao destinatário não atendida. ;"Se você não enviou as informações pedidas pela fiscalização, sua encomenda pode receber pena de perdimento. 

Entre em contato com a transportadora para saber se você pode solicitar a retomada de despacho.

<a href='https://cas.correios.com.br/login' target='_blank' >Clique aqui, se sua encomenda foi transportada pelos Correios</a>.

Caso tenha sido transportada por outra empresa, consulte <a href='https://www.gov.br/receitafederal/pt-br/assuntos/aduana-e-comercio-exterior/manuais/remessas-postal-e-expressa/empresas-autorizadas-a-operar-na-modalidade-remessa-expressa' >a relação de empresas transportadoras habilitadas e o site de cada uma</a>."
Objeto abandonado;"Se você perdeu os prazos de pagamento e atendimento às exigências e sua encomenda não está em situação de Devolução, ocorre o Abandono.

Casos de Abandono da encomenda:

• abandonada pelo decurso do prazo de permanência em recinto alfandegado;
• abandonada em virtude de instruções do remetente, quando não puder ser entregue ao destinatário;
• abandonada caso não autorizada a devolução pela RFB, após 30 dias:

	• da liberação, quando não foi efetuado o pagamento dos tributos ou multas devidos pelo destinatário;
	• da exigência fiscal, sem atendimento pelo destinatário;
	• da chegada ou do cancelamento da Declaração de Importação de encomenda (DIR) para despacho pelo Siscomex Importação, sem o registro da respectiva Declaração Simplificada de Importação (DSI) ou Declaração de Importação (DI).

O ABANDONO da mercadoria pode levar à aplicação da pena de perdimento, a depender da instrução dada pelo remetente no documento postal."
Penalidades nas encomendas internacionais ;"No caso das encomendas internacionais, são frequentes as seguintes penalidades (aplicáveis separada ou cumulativamente):

• multas;
• perdimento de mercadoria; e
• perdimento de moeda.

Pode ser aplicada a Pena de perdimento nos casos de:

• Mercadoria abandonada;
• Falsa declaração de conteúdo;
• Mercadoria falsificada;
• Mercadoria atentatória à moral, aos bons costumes, à saúde ou à ordem pública;
• Documento falsificado, ou adulterado, entre outros.

Para saber mais sobre os casos de perdimento de mercadorias, consulte o tópico <a href='https://www.gov.br/receitafederal/pt-br/assuntos/aduana-e-comercio-exterior/manuais/remessas-postal-e-expressa/topicos/Infracoes_e_penalidades' >Infrações e Penalidades</a> do Manual Aduaneiro no site da Receita Federal."
Vou pagar imposto pela bagagem que veio por encomenda?;"Para ser considerada bagagem desacompanhada, a encomenda deve:

• vir de local onde você esteve ou morou e
• chegar ao país 3 meses antes ou até 6 meses depois da sua chegada.

Não será cobrado imposto de bens integrantes de bagagem desacompanhada nos casos de:

• retorno de bens nacionais ou nacionalizados;
• roupas e bens de uso pessoal, usados, livros, folhetos e periódicos;

Nâo será cobrado imposto de bens integrantes de mudança para o Brasil de:

• móveis e outros bens de uso doméstico;
• ferramentas, máquinas e instrumentos necessários para exercer a profissão, sujeita à prévia comprovação da atividade desenvolvida pelo viajante.

A isenção é válida para um período acima de 1 ano de residência no exterior.

<a href='https://www.gov.br/receitafederal/pt-br/assuntos/aduana-e-comercio-exterior/viagens-internacionais/guia-do-viajante/entrada-no-brasil/mudanca-brasil' >Clique aqui para saber mais sobre isenção em caso de mudança para o Brasil</a>.

<a href='https://www.gov.br/receitafederal/pt-br/assuntos/aduana-e-comercio-exterior/manuais/remessas-postal-e-expressa/topicos/nao-tributacao#bagagem' >E aqui você encontra mais informações sobre bagagem desacompanhada</a>.

Se você foi cobrado, <a href='https://www.gov.br/receitafederal/pt-br/assuntos/aduana-e-comercio-exterior/manuais/remessas-postal-e-expressa/topicos/Perguntas_e_Respostas#P8.1' >saiba mais sobre o pedido de revisão</a>."
Serei taxado ao trazer meus objetos esquecidos no exterior?;"<a href='https://www.gov.br/receitafederal/pt-br/assuntos/aduana-e-comercio-exterior/manuais/remessas-postal-e-expressa/topicos/nao-tributacao#bagagem' >Clique aqui e veja se o objeto se enquadra em algum tipo de isenção</a>.

Caso a encomenda seja tributada, <a href='https://www.gov.br/receitafederal/pt-br/assuntos/aduana-e-comercio-exterior/manuais/remessas-postal-e-expressa/topicos/Procedimentos#Revisao' > você pode entrar com pedido de revisão</a>, antes do pagamento dos tributos, anexando toda a documentação que comprove a condição de bagagem."
Que documentos devo apresentar para ter a isenção de bagagem desacompanhada na encomenda internacional?;"Para ter reconhecida a <b>isenção para bagagem desacompanhada de viajantes procedentes do exterior</b>, <a href='https://www.gov.br/receitafederal/pt-br/assuntos/aduana-e-comercio-exterior/manuais/remessas-postal-e-expressa/topicos/Perguntas_e_Respostas#P11.3' >veja aqui a lista de documentos que deverá apresentar, de acordo com a situação da viagem</a>.  

Caso a bagagem tenha vindo pelos Correios, <a href='https://www.correios.com.br/receber/encomenda/internacional' target='_blank' >apresente os documentos no site dos Correios – módulo Minhas Importações</a>  .  

Se a bagagem veio por encomenda expressa, veja com a empresa de transporte contratada como apresentar os documentos.  

O não atendimento das condições resultará<a href='https://www.gov.br/receitafederal/pt-br/assuntos/aduana-e-comercio-exterior/manuais/remessas-postal-e-expressa/topicos/tributacao#RTS' > na utilização das regras gerais do Regime de Tributação Simplificada (RTS)</a> para a mercadoria cujo valor não ultrapasse US$ 3.000,00 (três mil dólares)."
A Receita cobra imposto sobre documentos?;"Não há cobrança de imposto sobre documentos. No entanto, se a encomenda incluir outros itens, estes poderão ser tributados. 

Se a descrição do conteúdo for genérica, a encomenda poderá ser tributada integralmente ou devolvida ao exterior.

Se a sua encomenda continha apenas documentos e houve cobrança de imposto, <a href='https://www.gov.br/receitafederal/pt-br/assuntos/aduana-e-comercio-exterior/manuais/remessas-postal-e-expressa/topicos/Perguntas_e_Respostas#P8.1' >veja aqui como pedir Revisão</a>."
Quais os casos de isenção nas encomendas internacionais?;"O Imposto de Importação não é cobrado nos casos de:  

- Medicamentos importados por pessoa física.
- Amostras sem valor comercial.
- Bens de uso ou consumo pessoal, usados (bagagem desacompanhada). 
- Bens no valor de até US$ 50,00 (cinquenta dólares), <b>via Correios</b>, desde que o remetente e o destinatário sejam pessoas físicas e não exista finalidade comercial.Esta isenção não vale para encomenda expressa (courier).
- Casos específicos da Administração Pública e Organismos Internacionais.  

Em geral, compras efetuadas em sites internacionais (comércio eletrônico) não são isentas de imposto, independente do valor, exceto se a mercadoria for imune ou isenta.   

<a href='https://www.gov.br/receitafederal/pt-br/assuntos/aduana-e-comercio-exterior/manuais/remessas-postal-e-expressa/topicos/nao-tributacao' >Veja no site da Receita Federal todos casos de isenção e imunidade</a>.  

Se você foi cobrado, <a href='https://www.gov.br/receitafederal/pt-br/assuntos/aduana-e-comercio-exterior/manuais/remessas-postal-e-expressa/topicos/Perguntas_e_Respostas#P8.1' >clique aqui para se informar sobre o pedido de revisão</a>."
Onde consigo orientações sobre importação através de encomenda internacional?;"Orientações gerais sobre importação de encomendas internacionais podem ser obtidas no  <a href='https://www.gov.br/receitafederal/pt-br/assuntos/aduana-e-comercio-exterior/manuais/remessas-postal-e-expressa' >Manual de encomendas Internacionais</a> e com as transportadoras:

- <a href='https://www.correios.com.br/receber/encomenda/saiba-mais-internacional' target='_blank' >Correios</a>.
- <a href='https://www.gov.br/receitafederal/pt-br/assuntos/aduana-e-comercio-exterior/manuais/remessas-postal-e-expressa/empresas-autorizadas-a-operar-na-modalidade-remessa-expressa' >Empresas de Courier habilitadas a operar com encomenda expressa</a>."
O que são encomendas internacionais?;"encomendas internacionais são bens ou documentos que chegam ou saem do Brasil transportados:

- pelos Correios, que são as encomendas postais; 
- por empresas privadas de transporte expresso internacional, também conhecidas como empresas de courier, que são as encomendas expressas.  

Para saber mais sobre os aspectos gerais de encomendas Internacionais, as declarações, impostos e procedimentos, <a href='https://www.gov.br/receitafederal/pt-br/assuntos/aduana-e-comercio-exterior/manuais/remessas-postal-e-expressa' >consulte o Manual de Remessas Internacionais</a>."" "
Outros assuntos que não se enquadram em encomendas internacionais;"Não consegui entender, poderia perguntar novamente?

Tente usar outras palavras ou dar mais detalhes.

Lembre-se que sei responder apenas sobre encomendas Internacionais e somente temas que são atribuição da Receita Federal."
Assédio;Você está escrevendo de uma forma desrespeitosa ou preconceituosa. Todos devem ser tratados com respeito e educação. Mude seu jeito de falar e depois me chame.
precisa algum cadastro na receita pra importar por encomenda?;"""Não é necessário nenhum cadastro prévio na Receita, nem mesmo habilitação ou DTE, para utilização dos Regimes de tributação:

 - Simplificada, que permite o pagamento do imposto de importação na alíquota única de 60%, na importação de bens contidos em encomenda internacional. 
- Especial, que pode ser usado nos casos de bagagem que chegam ao país como encomenda internacional.   

Entretanto, se o regime comum de importação for aplicado, <a href='https://www.gov.br/receitafederal/pt-br/assuntos/aduana-e-comercio-exterior/manuais/habilitacao' > devem ser observadas as regras gerais do despacho aduaneiro e seus pré-requisitos</a>.

Em alguns casos, pode ser necessária a autorização de outros órgãos. 

Sobre a necessidade de algum cadastro nos correios ou transportadora contratada, verifique no atendimento daquelas empresas."" "
presentes são isentos?;"""É indiferente, para a cobrança de imposto, se o bem foi recebido a título de presente. 

Se a mercadoria não se enquadrar em algum caso de isenção, a encomenda não será isenta apesar de ser um presente.

<a href='https://www.gov.br/receitafederal/pt-br/assuntos/aduana-e-comercio-exterior/manuais/remessas-postal-e-expressa/topicos/nao-tributacao' >Verifique aqui os casos de isenção</a>."" "
Olá!;Olá! Como posso ajudar?
Todas as encomendas internacionais são selecionadas para conferência?;"""Algumas encomendas podem não ter sido selecionadas para conferência pelas autoridades da Receita Federal.   

Porém, em até 5 anos, pode haver revisão aduaneira para apurar a regularidade da importação e, se for o caso, cobrado o imposto devido."" "
